arm,label,replicate,allocator,workload,threads,total_ops,ops_per_thread,elapsed_sec,ops_per_sec,lat_min,lat_p50,lat_p90,lat_p99,lat_p999,lat_max,lat_mean,rss_at_live_peak,vmhwm_bytes,allocated_bytes,live_bytes_at_peak,live_bytes_median,frag,frag_median,frag_samples,cpu_user_ms,cpu_sys_ms,ops_cov,runs,unstable,ops_floor_raised,alloc_failures
pre,null-preload-multi-1-16:64,1,umem-preload,multi-thread,1,20000000,20000000,6.627219,3017857.19,18,20,22,24,25,81811,21,9490432,9490432,789934599,0,0,,,0,6626.4,0.0,0.0017,3,0,0,0
nullB,null-preload-multi-1-16:64,1,umem-preload,multi-thread,1,20000000,20000000,6.597898,3031268.53,18,20,22,24,25,82515,21,9486336,9486336,789934599,0,0,,,0,6597.4,0.0,0.0018,3,0,0,0
pre,null-preload-multi-1-16:64,2,umem-preload,multi-thread,1,20000000,20000000,6.580054,3039488.59,18,20,22,24,25,93347,21,9490432,9490432,789934599,0,0,,,0,6579.7,0.0,0.0014,3,0,0,0
nullB,null-preload-multi-1-16:64,2,umem-preload,multi-thread,1,20000000,20000000,6.614260,3023769.96,18,20,22,24,25,54466,21,9478144,9478144,789934599,0,0,,,0,6613.7,0.0,0.0017,3,0,0,0
pre,null-preload-multi-1-16:64,3,umem-preload,multi-thread,1,20000000,20000000,6.636388,3013687.40,18,20,22,24,25,61818,21,9490432,9490432,789934599,0,0,,,0,6635.7,0.0,0.0016,3,0,0,0
nullB,null-preload-multi-1-16:64,3,umem-preload,multi-thread,1,20000000,20000000,6.611708,3024936.80,18,20,22,24,25,47524,21,9486336,9486336,789934599,0,0,,,0,6611.2,0.0,0.0042,3,0,0,0
pre,null-preload-multi-8-16:64,1,umem-preload,multi-thread,8,20000000,2500000,10.301426,1941478.72,15,23,36,185,365,92936,29,9486336,9486336,790104596,0,0,,,0,15774.8,56409.0,0.0010,3,0,0,0
nullB,null-preload-multi-8-16:64,1,umem-preload,multi-thread,8,20000000,2500000,10.573347,1891548.67,15,23,39,194,390,172169,30,9482240,9482240,790104596,0,0,,,0,16078.9,58336.9,0.0010,3,0,0,0
pre,null-preload-multi-8-16:64,2,umem-preload,multi-thread,8,20000000,2500000,9.754418,2050352.93,15,23,89,324,560,85252,42,9490432,9490432,790104596,0,0,,,0,13349.9,56522.5,0.0031,3,0,0,0
nullB,null-preload-multi-8-16:64,2,umem-preload,multi-thread,8,20000000,2500000,11.417993,1751621.32,15,23,39,191,375,180186,30,9490432,9490432,790104596,0,0,,,0,17332.0,63448.0,0.0007,3,0,0,0
pre,null-preload-multi-8-16:64,3,umem-preload,multi-thread,8,20000000,2500000,10.530220,1899295.63,14,23,25,103,252,109731,24,9490432,9490432,790104596,0,0,,,0,17399.6,54085.9,0.0001,3,0,0,0
nullB,null-preload-multi-8-16:64,3,umem-preload,multi-thread,8,20000000,2500000,9.646453,2073300.85,15,23,51,242,473,121904,33,9490432,9490432,790104596,0,0,,,0,13346.6,54683.7,0.0008,3,0,0,0
pre,null-preload-multi-192-16:64,1,umem-preload,multi-thread,192,19999872,104166,24.858166,804559.44,19,35,47,62,263,1299213,37,12615680,12615680,790070049,0,0,,,0,38725.5,4677183.6,0.0005,3,0,0,0
nullB,null-preload-multi-192-16:64,1,umem-preload,multi-thread,192,19999872,104166,24.441162,818286.46,18,35,46,62,133,6264899,40,12603392,12603392,790070049,0,0,,,0,37257.1,4596911.4,0.0008,3,0,0,0
pre,null-preload-multi-192-16:64,2,umem-preload,multi-thread,192,19999872,104166,25.031080,799001.55,19,35,46,61,163,8976397,47,12607488,12607488,790070049,0,0,,,0,39190.4,4708490.9,0.0005,3,0,0,0
nullB,null-preload-multi-192-16:64,2,umem-preload,multi-thread,192,19999872,104166,25.158611,794951.35,18,35,47,62,155,8707827,48,12619776,12619776,790070049,0,0,,,0,38180.5,4733451.4,0.0009,3,0,0,0
pre,null-preload-multi-192-16:64,3,umem-preload,multi-thread,192,19999872,104166,24.062384,831167.52,19,35,45,62,239,2100392,37,12607488,12607488,790070049,0,0,,,0,37323.5,4531235.6,0.0008,3,0,0,0
nullB,null-preload-multi-192-16:64,3,umem-preload,multi-thread,192,19999872,104166,24.924364,802422.56,18,35,46,61,150,11577439,55,12611584,12611584,790070049,0,0,,,0,39863.4,4683877.2,0.0004,3,0,0,0
pre,preload-multi-1-16:64,1,umem-preload,multi-thread,1,20000000,20000000,6.737786,2968333.97,18,20,21,24,24,58981,20,9490432,9490432,789934599,0,0,,,0,6737.0,0.0,0.0007,3,0,0,0
post,preload-multi-1-16:64,1,umem-preload,multi-thread,1,20000000,20000000,3.296791,6066506.18,18,20,21,23,24,51812,20,9490432,9490432,789934599,0,0,,,0,3296.6,0.0,0.0014,3,0,0,0
pre,preload-multi-1-16:64,2,umem-preload,multi-thread,1,20000000,20000000,6.566527,3045750.22,18,20,22,24,25,51180,21,9490432,9490432,789934599,0,0,,,0,6566.1,0.0,0.0006,3,0,0,0
post,preload-multi-1-16:64,2,umem-preload,multi-thread,1,20000000,20000000,3.289764,6079463.17,18,20,21,23,24,66485,20,9486336,9486336,789934599,0,0,,,0,3289.5,0.0,0.0057,3,0,0,0
pre,preload-multi-1-16:64,3,umem-preload,multi-thread,1,20000000,20000000,6.599591,3030490.89,18,20,22,24,25,46664,21,9469952,9469952,789934599,0,0,,,0,6599.2,0.0,0.0009,3,0,0,0
post,preload-multi-1-16:64,3,umem-preload,multi-thread,1,20000000,20000000,3.319802,6024456.08,18,20,21,23,24,68826,20,9465856,9465856,789934599,0,0,,,0,3319.5,0.0,0.0042,3,0,0,0
pre,preload-multi-8-16:64,1,umem-preload,multi-thread,8,20000000,2500000,10.358481,1930785.11,14,23,41,219,448,100945,32,9486336,9486336,790104596,0,0,,,0,14968.7,58314.1,0.0016,3,0,0,0
post,preload-multi-8-16:64,1,umem-preload,multi-thread,8,20000000,2500000,0.697549,28671834.92,18,20,21,24,84,164684,21,9486336,9486336,790104596,0,0,,,0,4499.5,0.1,0.0841,3,0,0,0
pre,preload-multi-8-16:64,2,umem-preload,multi-thread,8,20000000,2500000,10.276388,1946209.10,14,23,26,113,260,73104,25,9490432,9490432,790104596,0,0,,,0,16117.6,53529.8,0.0016,3,0,0,0
post,preload-multi-8-16:64,2,umem-preload,multi-thread,8,20000000,2500000,0.675995,29586020.19,18,20,21,24,76,10004844,22,9482240,9482240,790104596,0,0,,,0,4408.4,0.0,0.0228,3,0,0,0
pre,preload-multi-8-16:64,3,umem-preload,multi-thread,8,20000000,2500000,10.855959,1842306.09,14,23,33,189,378,192991,29,9486336,9486336,790104596,0,0,,,0,16281.8,60211.4,0.0012,3,0,0,0
post,preload-multi-8-16:64,3,umem-preload,multi-thread,8,20000000,2500000,0.693576,28836071.79,17,20,21,25,102,10005028,23,9490432,9490432,790104596,0,0,,,0,4425.3,0.0,0.0546,3,0,0,0
pre,preload-multi-32-16:64,1,umem-preload,multi-thread,32,20000000,625000,13.158096,1519976.71,18,24,32,163,367,207468,29,9490432,9490432,790066561,0,0,,,0,18673.7,384231.6,0.0011,3,0,0,0
post,preload-multi-32-16:64,1,umem-preload,multi-thread,32,20000000,625000,0.168462,118721014.71,18,22,23,28,103,2529240,22,9478144,9478144,790066561,0,0,,,0,4459.1,0.0,0.0711,3,0,0,0
pre,preload-multi-32-16:64,2,umem-preload,multi-thread,32,20000000,625000,12.223143,1636240.32,18,24,33,176,393,224352,29,9490432,9490432,790066561,0,0,,,0,17824.8,356289.0,0.0012,3,0,0,0
post,preload-multi-32-16:64,2,umem-preload,multi-thread,32,20000000,625000,0.179282,111556375.99,18,21,22,39,110,418440,22,9490432,9490432,790066561,0,0,,,0,4690.2,0.0,0.0495,3,0,0,0
pre,preload-multi-32-16:64,3,umem-preload,multi-thread,32,20000000,625000,12.631887,1583294.71,15,24,33,183,399,337160,30,9490432,9490432,790066561,0,0,,,0,18799.7,368041.3,0.0010,3,0,0,0
post,preload-multi-32-16:64,3,umem-preload,multi-thread,32,20000000,625000,0.174619,114535140.41,18,21,22,25,102,737894,22,9486336,9486336,790066561,0,0,,,0,4540.8,0.0,0.0318,3,0,0,0
pre,preload-multi-64-16:64,1,umem-preload,multi-thread,64,20000000,312500,19.553533,1022833.05,17,26,56,447,754,2110017,46,11046912,11046912,790072016,0,0,,,0,29986.5,1185614.5,0.0003,3,0,0,0
post,preload-multi-64-16:64,1,umem-preload,multi-thread,64,20000000,312500,0.129278,154705501.25,18,24,25,28,70,39887910,37,11030528,11030528,790072016,0,0,,,0,4186.3,0.0,0.0483,3,0,0,0
pre,preload-multi-64-16:64,2,umem-preload,multi-thread,64,20000000,312500,18.726332,1068014.80,17,26,66,456,779,408061,46,11038720,11038720,790072016,0,0,,,0,29565.8,1128784.9,0.0035,3,0,0,0
post,preload-multi-64-16:64,2,umem-preload,multi-thread,64,20000000,312500,0.125841,158930716.68,18,24,25,28,78,15871019,37,11046912,11046912,790072016,0,0,,,0,4178.3,0.0,0.0543,3,0,0,0
pre,preload-multi-64-16:64,3,umem-preload,multi-thread,64,20000000,312500,18.765853,1065765.58,17,27,84,540,828,1077043,53,11026432,11026432,790072016,0,0,,,0,28245.9,1139604.6,0.0022,3,0,0,0
post,preload-multi-64-16:64,3,umem-preload,multi-thread,64,20000000,312500,0.133878,149389539.81,18,24,25,30,106,63789572,59,11042816,11042816,790072016,0,0,,,0,4196.1,21.4,0.0492,3,0,0,0
pre,preload-multi-128-16:64,1,umem-preload,multi-thread,128,20000000,156250,22.845591,875442.43,18,31,60,472,789,1576988,49,12599296,12599296,790052932,0,0,,,0,34765.9,2836279.8,0.0018,3,0,0,0
post,preload-multi-128-16:64,1,umem-preload,multi-thread,128,20000000,156250,0.086450,231346826.38,18,32,41,108,156,51592273,54,12611584,12611584,790052932,0,0,,,0,4660.8,11.7,0.0678,3,0,0,0
pre,preload-multi-128-16:64,2,umem-preload,multi-thread,128,20000000,156250,22.682792,881725.66,18,31,48,362,694,854409,44,12611584,12611584,790052932,0,0,,,0,36591.7,2811771.6,0.0009,3,0,0,0
post,preload-multi-128-16:64,2,umem-preload,multi-thread,128,20000000,156250,0.080276,249141017.83,18,31,40,109,189,33175515,61,12611584,12611584,790052932,0,0,,,0,4637.2,25.8,0.0165,3,0,0,0
pre,preload-multi-128-16:64,3,umem-preload,multi-thread,128,20000000,156250,22.014458,908493.87,18,31,48,354,693,185958,43,12611584,12611584,790052932,0,0,,,0,33927.0,2718729.2,0.0015,3,0,0,0
post,preload-multi-128-16:64,3,umem-preload,multi-thread,128,20000000,156250,0.087214,229321677.37,18,31,40,101,125,46793435,118,12615680,12615680,790052932,0,0,,,0,4556.0,20.6,0.0632,3,0,0,0
pre,preload-multi-192-16:64,1,umem-preload,multi-thread,192,19999872,104166,24.535299,815146.88,18,35,48,62,120,10049805,54,12611584,12611584,790070049,0,0,,,0,38845.4,4612286.0,0.0009,3,0,0,0
post,preload-multi-192-16:64,1,umem-preload,multi-thread,192,19999872,104166,0.063015,317384808.61,16,30,40,160,491,33061137,75,12615680,12615680,790070049,0,0,,,0,5093.7,9.6,0.0684,3,0,0,0
pre,preload-multi-192-16:64,2,umem-preload,multi-thread,192,19999872,104166,25.182722,794190.24,18,35,47,62,161,8166547,46,12603392,12603392,790070049,0,0,,,0,39035.4,4736436.6,0.0005,3,0,0,0
post,preload-multi-192-16:64,2,umem-preload,multi-thread,192,19999872,104166,0.064808,308604277.15,18,32,40,120,323,42797196,100,12619776,12619776,790070049,0,0,,,0,4759.0,0.0,0.1358,3,1,0,0
pre,preload-multi-192-16:64,3,umem-preload,multi-thread,192,19999872,104166,25.322033,789820.93,19,35,46,62,154,3950079,39,12599296,12599296,790070049,0,0,,,0,41132.9,4761508.5,0.0003,3,0,0,0
post,preload-multi-192-16:64,3,umem-preload,multi-thread,192,19999872,104166,0.063663,314152577.82,17,29,39,120,459,33838091,105,12611584,12611584,790070049,0,0,,,0,5045.3,34.6,0.0169,3,0,0,0
pre,preload-multi-8-64:256,1,umem-preload,multi-thread,8,20000000,2500000,10.166063,1967329.90,14,24,35,187,359,367172,30,9482240,9482240,3190170068,0,0,,,0,15125.4,55460.6,0.0010,3,0,0,0
post,preload-multi-8-64:256,1,umem-preload,multi-thread,8,20000000,2500000,0.606698,32965348.94,17,21,24,25,27,10004539,23,9486336,9486336,3190170068,0,0,,,0,3778.3,0.0,0.0601,3,0,0,0
pre,preload-multi-8-64:256,2,umem-preload,multi-thread,8,20000000,2500000,10.601158,1886586.36,15,24,69,278,523,106887,38,9490432,9490432,3190170068,0,0,,,0,14682.0,61326.4,0.0012,3,0,0,0
post,preload-multi-8-64:256,2,umem-preload,multi-thread,8,20000000,2500000,0.579171,34532122.23,17,21,24,25,26,290754,22,9486336,9486336,3190170068,0,0,,,0,3774.3,0.0,0.0256,3,0,0,0
pre,preload-multi-8-64:256,3,umem-preload,multi-thread,8,20000000,2500000,9.727578,2056010.32,15,24,102,347,590,65981,45,9490432,9490432,3190170068,0,0,,,0,13412.4,56399.1,0.0033,3,0,0,0
post,preload-multi-8-64:256,3,umem-preload,multi-thread,8,20000000,2500000,0.573134,34895843.46,18,21,24,26,87,397055,22,9474048,9474048,3190170068,0,0,,,0,3825.3,0.0,0.0826,3,0,0,0
pre,preload-multi-192-64:256,1,umem-preload,multi-thread,192,19999872,104166,24.209001,826133.72,18,38,49,64,195,2290321,41,12619776,12619776,3190237041,0,0,,,0,36007.4,4553457.3,0.0007,3,0,0,0
post,preload-multi-192-64:256,1,umem-preload,multi-thread,192,19999872,104166,0.060565,330223586.91,18,32,41,126,411,35334202,86,12599296,12599296,3190237041,0,0,,,0,4836.3,21.5,0.0340,3,0,0,0
pre,preload-multi-192-64:256,2,umem-preload,multi-thread,192,19999872,104166,24.042328,831860.86,18,37,49,63,196,11413297,54,12615680,12615680,3190237041,0,0,,,0,35586.7,4524836.5,0.0000,3,0,0,0
post,preload-multi-192-64:256,2,umem-preload,multi-thread,192,19999872,104166,0.061519,325098476.62,18,34,41,133,469,33545763,109,12603392,12603392,3190237041,0,0,,,0,4673.0,11.9,0.0511,3,0,0,0
pre,preload-multi-192-64:256,3,umem-preload,multi-thread,192,19999872,104166,24.057471,831337.27,18,37,49,63,202,10365467,56,12611584,12611584,3190237041,0,0,,,0,37307.0,4524499.8,0.0002,3,0,0,0
post,preload-multi-192-64:256,3,umem-preload,multi-thread,192,19999872,104166,0.062983,317542232.79,17,33,41,130,438,31465333,94,12623872,12623872,3190237041,0,0,,,0,4714.5,22.3,0.0499,3,0,0,0
pre,preload-prodcons-8-64:256,1,umem-preload,producer-consumer,8,40000000,5000000,9.847643,4061885.80,18,397,2605,8568,16292,672298,994,24625152,24625152,3190175731,0,0,,,0,41310.4,29543.1,0.0033,3,0,0,0
post,preload-prodcons-8-64:256,1,umem-preload,producer-consumer,8,40000000,5000000,3.987881,10030389.92,18,125,392,698,4401,253993,189,22790144,22790144,3190175731,0,0,,,0,29234.0,460.6,0.1092,3,1,0,0
pre,preload-prodcons-8-64:256,2,umem-preload,producer-consumer,8,40000000,5000000,10.401062,3845760.97,18,359,2567,8584,15831,1933153,950,24854528,24854528,3190175731,0,0,,,0,47096.7,29947.1,0.0034,3,0,0,0
post,preload-prodcons-8-64:256,2,umem-preload,producer-consumer,8,40000000,5000000,3.941101,10149447.28,18,132,387,667,4316,155574,181,22634496,22634496,3190175731,0,0,,,0,28428.1,640.3,0.0202,3,0,0,0
pre,preload-prodcons-8-64:256,3,umem-preload,producer-consumer,8,40000000,5000000,10.497619,3810387.82,18,362,2592,8016,14889,1936430,955,23384064,23384064,3190175731,0,0,,,0,49199.4,29404.0,0.0025,3,0,0,0
post,preload-prodcons-8-64:256,3,umem-preload,producer-consumer,8,40000000,5000000,3.815361,10483936.16,18,105,294,530,2801,192475,135,24539136,24539136,3190175731,0,0,,,0,29048.8,339.8,0.0478,3,0,0,0
pre,preload-prodcons-192-64:256,1,umem-preload,producer-consumer,192,39999936,208333,32.276297,1239297.55,21,3959,248133,984578,1776410,92078524,77716,202674176,202674176,3190074487,0,0,,,0,2164168.6,733480.5,0.0901,3,0,0,0
post,preload-prodcons-192-64:256,1,umem-preload,producer-consumer,192,39999936,208333,21.652388,1847368.32,20,533,5069,21447,50394,476605024,2582,200269824,200269824,3190074487,0,0,,,0,3267592.7,91380.3,0.0806,3,0,0,0
pre,preload-prodcons-192-64:256,2,umem-preload,producer-consumer,192,39999936,208333,40.944406,976932.87,22,2600,330314,1420376,2729638,39780429,98450,218947584,218947584,3190074487,0,0,,,0,2901343.6,663615.5,0.5130,3,1,0,0
post,preload-prodcons-192-64:256,2,umem-preload,producer-consumer,192,39999936,208333,22.618990,1768422.70,19,419,3218,17881,68335,535796907,2498,194740224,194740224,3190074487,0,0,,,0,3291792.9,109700.0,0.0740,3,0,0,0
pre,preload-prodcons-192-64:256,3,umem-preload,producer-consumer,192,39999936,208333,68.757790,581751.34,22,769,438825,3023941,5638175,24739937,165102,204107776,204107776,3190074487,0,0,,,0,6020272.8,686525.9,0.6238,3,1,0,0
post,preload-prodcons-192-64:256,3,umem-preload,producer-consumer,192,39999936,208333,23.349073,1713127.37,19,311,2856,16841,40045,526376529,1892,199409664,199409664,3190074487,0,0,,,0,3663495.9,88142.8,0.0405,3,0,0,0
post-api,api-vs-preload-multi-1,1,umem,multi-thread,1,20000000,20000000,2.676354,7472852.39,16,19,22,23,24,47059,19,11091968,11091968,789934599,0,0,,,0,2676.2,0.0,0.0090,3,0,0,0
post-preload,api-vs-preload-multi-1,1,umem-preload,multi-thread,1,20000000,20000000,3.293818,6071980.89,18,20,21,24,24,73169,20,9490432,9490432,789934599,0,0,,,0,3293.5,0.0,0.0020,3,0,0,0
post-api,api-vs-preload-multi-1,2,umem,multi-thread,1,20000000,20000000,2.714476,7367903.80,15,19,21,23,23,52954,19,11087872,11087872,789934599,0,0,,,0,2714.2,0.0,0.0058,3,0,0,0
post-preload,api-vs-preload-multi-1,2,umem-preload,multi-thread,1,20000000,20000000,3.315168,6032875.87,18,20,21,23,24,72726,20,9478144,9478144,789934599,0,0,,,0,3314.5,0.0,0.0045,3,0,0,0
post-api,api-vs-preload-multi-1,3,umem,multi-thread,1,20000000,20000000,2.679367,7464450.44,16,19,22,23,24,42893,19,11083776,11083776,789934599,0,0,,,0,2679.2,0.0,0.0021,3,0,0,0
post-preload,api-vs-preload-multi-1,3,umem-preload,multi-thread,1,20000000,20000000,3.291117,6076963.66,18,20,21,23,24,2480582,21,9490432,9490432,789934599,0,0,,,0,3290.9,0.0,0.0054,3,0,0,0
post-api,api-vs-preload-multi-8,1,umem,multi-thread,8,20000000,2500000,0.455303,43926785.43,15,19,21,75,199,93123,21,9457664,9457664,790104596,0,0,,,0,3126.0,0.0,0.0374,3,0,0,0
post-preload,api-vs-preload-multi-8,1,umem-preload,multi-thread,8,20000000,2500000,0.655914,30491815.85,17,20,21,24,105,10003597,22,9490432,9490432,790104596,0,0,,,0,4536.0,0.0,0.0378,3,0,0,0
post-api,api-vs-preload-multi-8,2,umem,multi-thread,8,20000000,2500000,0.452699,44179424.06,16,19,20,48,153,52238,20,9469952,9469952,790104596,0,0,,,0,3044.9,0.0,0.0355,3,0,0,0
post-preload,api-vs-preload-multi-8,2,umem-preload,multi-thread,8,20000000,2500000,0.664668,30090193.16,18,20,21,24,88,157511,21,9490432,9490432,790104596,0,0,,,0,4479.2,0.0,0.0673,3,0,0,0
post-api,api-vs-preload-multi-8,3,umem,multi-thread,8,20000000,2500000,0.463095,43187688.84,16,19,21,111,189,10004417,23,9465856,9465856,790104596,0,0,,,0,3033.8,0.0,0.0116,3,0,0,0
post-preload,api-vs-preload-multi-8,3,umem-preload,multi-thread,8,20000000,2500000,0.659892,30307992.87,17,20,21,25,114,74354,21,9478144,9478144,790104596,0,0,,,0,4323.8,0.0,0.0020,3,0,0,0
post-api,api-vs-preload-multi-32,1,umem,multi-thread,32,20000000,625000,0.129654,154256259.54,16,20,23,79,182,136507,22,9474048,9474048,790066561,0,0,,,0,3438.5,20.1,0.0236,3,0,0,0
post-preload,api-vs-preload-multi-32,1,umem-preload,multi-thread,32,20000000,625000,0.174977,114300722.30,17,21,22,33,106,565900,22,9490432,9490432,790066561,0,0,,,0,4669.2,0.1,0.0129,3,0,0,0
post-api,api-vs-preload-multi-32,2,umem,multi-thread,32,20000000,625000,0.125305,159610271.30,16,20,22,98,205,222680,22,9474048,9474048,790066561,0,0,,,0,3457.5,0.0,0.0158,3,0,0,0
post-preload,api-vs-preload-multi-32,2,umem-preload,multi-thread,32,20000000,625000,0.166784,119915573.68,18,21,22,25,99,306682,22,9478144,9478144,790066561,0,0,,,0,4423.6,0.0,0.0792,3,0,0,0
post-api,api-vs-preload-multi-32,3,umem,multi-thread,32,20000000,625000,0.129548,154383156.66,16,20,22,67,167,111671,21,9465856,9465856,790066561,0,0,,,0,3416.1,0.0,0.0247,3,0,0,0
post-preload,api-vs-preload-multi-32,3,umem-preload,multi-thread,32,20000000,625000,0.183756,108840244.07,18,21,22,36,104,430966,22,9486336,9486336,790066561,0,0,,,0,4727.4,0.0,0.0565,3,0,0,0
post-api,api-vs-preload-multi-64,1,umem,multi-thread,64,20000000,312500,0.102415,195284157.10,16,22,25,61,204,10015910,36,11034624,11034624,790072016,0,0,,,0,3374.7,0.0,0.0508,3,0,0,0
post-preload,api-vs-preload-multi-64,1,umem-preload,multi-thread,64,20000000,312500,0.136357,146673941.40,18,24,25,29,111,50064313,43,11034624,11034624,790072016,0,0,,,0,4589.2,0.0,0.0301,3,0,0,0
post-api,api-vs-preload-multi-64,2,umem,multi-thread,64,20000000,312500,0.111136,179959996.69,16,22,24,57,160,20021305,37,11026432,11026432,790072016,0,0,,,0,3448.5,0.0,0.0341,3,0,0,0
post-preload,api-vs-preload-multi-64,2,umem-preload,multi-thread,64,20000000,312500,0.134843,148320197.38,18,24,25,29,160,20010767,35,11042816,11042816,790072016,0,0,,,0,4348.4,0.0,0.0498,3,0,0,0
post-api,api-vs-preload-multi-64,3,umem,multi-thread,64,20000000,312500,0.098087,203899920.37,16,22,25,84,290,10072496,32,11042816,11042816,790072016,0,0,,,0,3482.8,0.0,0.0660,3,0,0,0
post-preload,api-vs-preload-multi-64,3,umem-preload,multi-thread,64,20000000,312500,0.125394,159497503.75,18,24,25,28,92,30014185,28,11026432,11026432,790072016,0,0,,,0,4394.7,0.5,0.0150,3,0,0,0
post-api,api-vs-preload-multi-128,1,umem,multi-thread,128,20000000,156250,0.069794,286556294.54,16,28,51,108,184,20026679,43,11026432,11026432,790052932,0,0,,,0,3632.9,12.6,0.0255,3,0,0,0
post-preload,api-vs-preload-multi-128,1,umem-preload,multi-thread,128,20000000,156250,0.086172,232094657.30,17,29,39,115,422,21753944,53,12611584,12611584,790052932,0,0,,,0,4945.6,0.0,0.0590,3,0,0,0
post-api,api-vs-preload-multi-128,2,umem,multi-thread,128,20000000,156250,0.068422,292305285.51,16,29,56,117,287,20005548,44,11042816,11042816,790052932,0,0,,,0,3728.7,0.0,0.0471,3,0,0,0
post-preload,api-vs-preload-multi-128,2,umem-preload,multi-thread,128,20000000,156250,0.081321,245937926.28,17,26,38,96,192,33405058,49,12603392,12603392,790052932,0,0,,,0,4785.3,9.7,0.0616,3,0,0,0
post-api,api-vs-preload-multi-128,3,umem,multi-thread,128,20000000,156250,0.069262,288760065.00,16,27,48,107,192,29980425,73,11030528,11030528,790052932,0,0,,,0,3654.3,8.9,0.0817,3,0,0,0
post-preload,api-vs-preload-multi-128,3,umem-preload,multi-thread,128,20000000,156250,0.085958,232670627.67,18,30,41,104,135,45023106,119,12615680,12615680,790052932,0,0,,,0,4673.8,0.0,0.0645,3,0,0,0
post-api,api-vs-preload-multi-192,1,umem,multi-thread,192,19999872,104166,0.050223,398223458.03,16,30,71,245,569,17400688,57,12603392,12603392,790070049,0,0,,,0,4013.9,20.6,0.0433,3,0,0,0
post-preload,api-vs-preload-multi-192,1,umem-preload,multi-thread,192,19999872,104166,0.060282,331774134.22,17,32,40,114,398,35942847,86,12603392,12603392,790070049,0,0,,,0,4995.6,0.0,0.0749,3,0,0,0
post-api,api-vs-preload-multi-192,2,umem,multi-thread,192,19999872,104166,0.041962,476624084.32,16,28,63,249,559,17505255,49,12603392,12603392,790070049,0,0,,,0,3994.5,0.0,0.1385,3,1,0,0
post-preload,api-vs-preload-multi-192,2,umem-preload,multi-thread,192,19999872,104166,0.063230,316303466.78,18,32,41,134,473,25637529,80,12599296,12599296,790070049,0,0,,,0,4992.7,3.0,0.1126,3,1,0,0
post-api,api-vs-preload-multi-192,3,umem,multi-thread,192,19999872,104166,0.048879,409170912.75,16,29,61,206,518,13206063,71,12623872,12623872,790070049,0,0,,,0,3931.8,0.0,0.0677,3,0,0,0
post-preload,api-vs-preload-multi-192,3,umem-preload,multi-thread,192,19999872,104166,0.060284,331759687.54,18,32,40,130,492,27786767,72,12615680,12615680,790070049,0,0,,,0,5091.6,33.2,0.1075,3,1,0,0
